{"Mexico": [23.634501, -102.552784], 
"Hidalgo": [20.0910963, -98.7623874],
"Aguascalientes": [21.8852562, -102.2915677], 
"Baja California": [30.8406338, -115.2837585],
"Jalisco": [20.6595382, -103.3494376], 
"Michoacan": [19.5665192, -101.7068294], 
"Morelos": [18.6813049, -99.1013498], 
"Chihuahua": [28.6433753, -106.0587908], 
"Ciudad de Mexico": [19.4326077, -99.133208], 
"Nayarit": [21.7513844, -104.8454619], 
"Guanajuato": [21.0190145, -101.2573586],
"Guerrero": [17.4391926, -99.54509739999999], 
"Durango": [24.0248409, -104.6608131],
"Nuevo Leon": [25.592172, -99.99619469999999], 
"Campeche": [19.8301251, -90.5349087], 
"Colima": [19.2452342, -103.7240868],
"Baja California Sur": [26.0444446, -111.6660725],
"Puebla": [19.0414398, -98.2062727], 
"Queretaro": [20.5887932, -100.3898881], 
"Oaxaca": [17.0731842, -96.7265889], 
"Chiapas": [16.7569318, -93.12923529999999],
"Quintana Roo": [19.1817393, -88.4791376], 
"Sinaloa": [25.8226854, -108.2216704], 
"Yucatan": [20.7098786, -89.0943377],
"Tlaxcala": [19.318154, -98.2374954],
"Veracruz": [19.173773, -96.1342241], 
"Tabasco": [17.8409173, -92.6189273], 
"Tamaulipas": [24.26694, -98.8362755], 
"Sonora": [29.2972247, -110.3308814], 
"Zacatecas": [22.7727913, -102.5765714], 
"Coahuila": [27.058676, -101.7068294], 
"San Luis Potosi": [22.1520892, -100.9733024], 
"Tijuana": [32.5149469, -117.0382471]}